b46e50c831004160b9023f20f10c6efe, False
5ee2088dfb3b43bcbf8c7adfc43bebaf, False
5ee2088dfb3b43bcbf8c7adfc43bebaf, False
b46e50c831004160b9023f20f10c6efe, False
bcbf7d2ce9924e7199957e51d333bb97, True
cb366f2d39df409bb2a73fd7502fc175, True
f1d4cc9aa45646ac95aac56009f7ff07, True
ac011aa8177243c18809871c935d7228, True
84816f42cff94540ae3590ca05913e6e, True
c19b63dea4394058b2e1e622c6eef3df, True
2aa78a9d1d9f4d7a8a27eea6a7f8e0ac, True
ac011aa8177243c18809871c935d7228, True
bcbf7d2ce9924e7199957e51d333bb97, True
cb366f2d39df409bb2a73fd7502fc175, True
2aa78a9d1d9f4d7a8a27eea6a7f8e0ac, True
84816f42cff94540ae3590ca05913e6e, True
f1d4cc9aa45646ac95aac56009f7ff07, True
c19b63dea4394058b2e1e622c6eef3df, True
5ee2088dfb3b43bcbf8c7adfc43bebaf, False
b46e50c831004160b9023f20f10c6efe, False
bcbf7d2ce9924e7199957e51d333bb97, True
f1d4cc9aa45646ac95aac56009f7ff07, True
ac011aa8177243c18809871c935d7228, True
2aa78a9d1d9f4d7a8a27eea6a7f8e0ac, True
84816f42cff94540ae3590ca05913e6e, True
c19b63dea4394058b2e1e622c6eef3df, True
